1,2,3,4,5,6,7,8,9,10,11,12,13,14,15,16,17,18,19,20,21,22,23,24,25,26,27,28,29,30,31,32,33,34,35,36,37,38,39,40,41,42,43,label
0.7656598418812082,0.09742842687416164,0.2842995616411197,0.34130085256382175,0.8533433815155356,0.9809543706879841,0.5899624978808242,0.3744996203972316,0.7329896426879405,0.5662886267243195,0.4414748925306884,0.8599242534501998,0.68980511000982,0.679291589574276,0.2206537769900918,0.007760638889419151,0.1594846229842942,0.301727167558024,0.05265458428779021,0.48171049770001245,0.676963367357825,0.16968464120519683,0.3652557909208881,0.40814890565986267,0.24590964387686678,0.3389630118975173,0.12314175067768471,0.34218701223722603,0.07562093095275176,0.5052574494729998,0.3770088982137162,0.5195544841822275,0.16962897084709824,0.44063382561671127,0.5982260828466157,0.685231889932959,0.490224929404512,0.004555910104809858,0.6736468829560442,0.007715861502098841,0.6076131450820492,0.6562577944666463,0.3675716822388891,1
0.4386983379482867,0.11249946166814961,0.1806898054316448,0.2549738603821756,0.050653373000182814,0.819490235084494,0.44371253468342137,0.00011147820093594663,0.6613453706501835,0.540914915382273,0.49706161646566493,0.18733745834866244,0.3506978108965305,0.20357890983111704,0.08066781465987122,0.025770790522839333,0.17694357847566503,0.4353614197075453,0.018146086615115138,0.1276403388435481,0.2501374989911443,0.0056617119082713295,0.05137828011095128,0.39725912065533925,0.24088127038335266,0.43752067996773875,0.13532655375751518,0.4866300806694357,0.0,0.3270936317266695,0.11422194683191167,0.31008118921080263,0.05287167303899348,0.42774211643081106,0.6129458319645367,0.4783949937571521,0.31026767683575884,0.001897435327803864,0.3165644434096231,0.0060485551731030065,0.39358908995951913,0.7107789419259389,0.6664014701079684,1
0.5313196837624163,0.06956681030722844,0.42713182620164375,0.35912910434206946,0.10973237594737954,0.5916001721544507,0.652704241841658,0.29491074815638446,0.5693501767314318,0.7038863246338474,0.4547554403156737,0.4165357451081116,0.9154520265122427,0.1206619946811779,0.05725988134981318,0.039234887427076606,0.1916504955475594,0.17650767883459034,0.738672481532973,0.10654311340487518,0.7451992134802803,0.22492601806812745,0.43212643626335134,0.35686301880091537,0.2706781091352397,0.3192121087343548,0.09967851627435956,0.2699666558155106,0.13216040413104657,0.2341010246385904,0.0005060067949599345,0.2936670794945162,0.08257033098408398,0.3783426215943082,0.5906121496251964,0.3091677933421366,0.1781739575067589,0.0020698901768071367,0.5820147782647114,0.0027007135505622603,0.1958859613717392,0.5979884635045067,0.36630022913385474,2
0.645753091425096,0.12890577295486683,0.2066761209756386,0.29317460736490436,0.7423015496885279,0.7047181882789804,0.4593715439419857,5.5753035245756366e-05,0.9395300429187452,0.3748051167535447,0.4492298038404541,0.4316381289314141,0.5230128440539459,0.9170149686262309,0.1498600160994823,0.03522697314105763,0.30373425206145205,0.5159985075649227,0.14362985279471455,0.21718218461848596,0.8270240951102967,0.21906722657979316,0.09497087685574962,0.5937166640973905,0.14865377209676905,0.267387286829974,0.1425849828313286,0.2825357477688853,0.0,0.1932282561456753,0.23301444315018938,0.27567487664466817,0.047025793795519494,0.4850649726265426,0.7827106905651138,0.6807503517078055,0.3489158147497957,0.006952306867340452,0.6963044727614913,0.0026094690881152353,0.7608535645601635,0.5907211544833224,0.37075031500161326,2
0.9475549789760187,0.24584890153025984,0.2130969548945167,0.20268988095751678,0.7902966395437868,7.926098762812831e-12,0.10730275805632883,0.00011147820093594663,0.858654990841444,0.17481404654810695,0.07025279920631282,0.8894042841330072,0.23894148911480495,0.2192392443921908,0.17436514992440544,0.0,0.256004824285012,1.0,0.3733061411056755,0.26860769934170886,0.17390647418125993,0.41534246947255615,0.09065935783726681,0.22774469748568033,0.34572279818694934,0.27532223893863417,0.3790290236220373,0.5634412675845542,0.0,0.25858413266247715,0.7814170507876878,0.9660426851439525,0.05623255697348903,0.7371310638923914,0.8375901430129589,0.8497956864758602,0.4469711344559377,0.0018281940312479747,0.7453265814180092,0.003966084024173813,0.7744082575649789,0.5368339068558412,0.6919822785306589,2
0.6117980944658421,0.06389678815052857,0.21110798884155613,0.1656728539494684,0.0,0.500720813544165,0.28738902382148235,5.5753035245756366e-05,0.5900149547751229,0.2834680221543315,0.038652969999241206,0.00921377760720335,0.1812183511669136,0.28859994576624537,0.12810960788250106,0.12985172453172752,0.19081691075052784,0.468868293680773,0.043768864186784065,0.13627362644526728,0.0752078101942335,0.0007705718509413483,0.09458232838174363,0.4491518602204304,0.12895736548777462,0.21935506364816243,0.05162249447086239,0.324587238498077,0.0,0.09614664617288282,0.15631231894873054,0.23364085346983954,0.005324449249923285,0.4525369215430852,0.8145315177175552,0.6274767271172486,0.27426439093024735,0.0021900701161688078,0.30750704567970866,0.001886885656946966,0.2982768093488435,0.8153809822086469,0.37075031500161326,1
0.7719440502736674,0.14135801392208514,0.17980067178869696,0.25209655107996354,0.8853419589740591,0.8548476493516451,0.39590223725987744,5.5753035245756366e-05,0.9217543183247405,0.4187899599201588,0.04249581709079327,0.05621251599911606,0.23708085091402248,0.325941342646319,0.10592636136933409,0.022499666447060314,0.3827230713578256,0.5577880734001686,0.2659501890581119,0.23080901673540916,0.30364435576750115,0.3716976832644617,0.04128490018021578,0.56237816382829,0.189116099808437,0.1900263269594461,0.22305534392355023,0.3432558168112504,0.0,0.31252925119998154,0.4699302865064646,0.24408265493728987,0.09488577269104079,0.5485245920668549,0.819962586144872,0.9515752610310433,0.54952531443951,0.001014059227509818,0.6078022159939924,0.002054072089838225,0.7539178620358611,0.7796616900926361,0.37075031500161326,1
0.9320900060814923,0.0,0.43860987441466964,0.3122277624099368,0.08312896729612713,0.7047181882789804,0.6662428026131895,0.22301209359433372,0.7990531116665011,0.39545327606605646,0.38656223178439386,0.3674984597180105,0.8869751405902616,0.3731852101508366,0.12441398654401148,0.04850764183773506,0.3020355565883938,0.6436359326538741,0.04527629205015468,0.10243329157274561,0.06871506332719461,0.31544441688754155,0.7829450457323384,0.6674957774478328,0.4240309698701145,0.30393943184553374,0.19443043745197952,0.39621161197317456,0.27887571031571773,0.1991120492698062,0.22012619637125586,0.18429021638756748,0.18085364420427527,0.36745556615973807,0.7640690589031895,0.6798311244316826,0.3374402967447494,0.002670459806848028,0.8124664755363176,0.00240960098755801,0.5535063360665828,1.0,0.3643930494762264,1
0.5658017433610381,0.14559046738428982,0.385142304988194,0.2794839570100623,0.8698639330873392,0.734770849516247,0.374387416686595,5.5753035245756366e-05,0.7779873149987441,0.4969781006708747,0.056293907997927564,1.0,0.34515441686588877,0.7369850741300625,0.3028189329272203,0.04195290114764996,0.1798682709182982,0.5602794057444062,1.0,0.5588246819886694,0.7848365197393541,0.2088143176250421,0.1179487804044203,0.6792495243331489,0.14484971580139142,0.2569837584835209,0.0960350703054583,0.5637900491403612,0.0,0.42410566106817593,0.4817886998708848,0.8221451692457973,0.09112565701685368,0.3983545696554722,0.6294472065547283,0.631898930676811,0.437928102474886,1.0000000000000002,0.801832133124337,0.002232459351211492,0.827297591192498,0.556636928434906,0.37075031500161326,1
0.5786945063855664,0.2629965630942639,0.1766989044916849,0.23043416520626053,0.9935425436900358,0.4281023093301072,0.2644978853876965,5.5753035245756366e-05,0.8450857685220766,0.2389906896336737,0.050268705512686605,0.03953266779658862,0.2719275919018851,0.22141272703672496,0.10491228894547226,0.1908038335592349,0.19641653413997032,0.7850943372699494,0.22278183063106943,0.6602716106205272,0.2272259258892163,0.5112143541485605,0.06062943100549905,0.527680623187067,0.4893212479395571,0.3770376782595766,0.5718003173646534,0.9294056291469545,0.0,0.30540019614534897,0.27658174585041284,0.30835321161842555,0.04495797457270462,0.6275594918786218,0.6600140937357346,0.5461863766008459,0.3415602357431513,0.0014392981960429485,0.5163610359663602,0.004637451661968313,0.6482609991105295,0.5654441590012949,0.37075031500161326,0
0.6837624163794849,0.18772134894188408,0.2043742073556668,0.2412987939286031,0.9402520911492558,0.7047181882789836,0.3764881505032334,5.5753035245756366e-05,0.7824426662411966,0.43687932512040234,0.055080055250947786,0.7005261826315043,0.23733074135687893,0.18807414551744964,0.12447941307609964,0.04850764183773506,0.19540338755989423,0.4285919527763283,0.2099365253860384,0.25542741112443956,0.16039859358053019,0.3655431221835647,0.04090239442300681,0.4104790358991601,0.23487383458625566,0.3348676274088095,0.2737748772454454,0.41294825974799176,0.0,0.3435550134238565,0.36343342407429524,0.4334461126943585,0.07099337295493235,0.5511358808404678,0.6886230700876683,0.6676678967705476,0.4135356331739142,0.0013791140460476632,0.8546606494300744,0.004739512692289799,0.8420872719447405,0.6557946241854735,0.37075031500161326,2
0.5208189742550173,0.08707845566042405,0.20245830068749932,0.21161425855180135,0.02605891239566112,0.6855685286398061,0.38863689311242505,5.5753035245756366e-05,0.6449612249383361,0.4394267562007946,0.03720026089701023,0.0,0.22386856986725034,0.3030092109650241,0.1309507177778809,0.053155963400038815,0.22793532644568917,0.5478580683986494,0.03751619330791735,0.13028136359655246,0.06400965524003308,0.0007570317352997335,0.10019542402790044,0.5539636378209344,0.2083039408984389,0.2989900518541455,0.11455446490030016,0.47447231966137315,0.0,0.22533665550784576,0.12469940231959509,0.27719262437563263,0.030219165099851758,0.4373262188284275,0.6965442415705101,0.5318526072835528,0.28815327194482787,0.0014856103474782249,0.36611932045351825,0.002773217894375694,0.3979674651692273,0.7873347551525165,0.37075031500167477,1
0.9030002027163997,0.07403740470000919,0.2255317870591269,0.24812716587270905,0.897532280769416,0.7771545469307619,0.47581286506463955,0.6689244848694107,0.6928661339474845,0.4092365930160419,0.8055615615847771,0.9277749840606513,0.657176830209233,0.25332389192605326,0.1932326266573148,0.03400901450811644,0.34654859371152286,0.5904186764599443,0.0564602805218031,0.39121677373213676,0.1234359761036679,0.06947018461473628,0.16529566788362376,0.27758743976813666,0.12708060279156821,0.23961885006619268,0.03601991725157116,0.18863842762983343,0.015149094511724361,0.31095839256056923,0.6087099183546573,0.8584634810666727,0.08750768598359895,0.5090686456904456,0.7914271659613026,0.8402507149106226,0.46318260555201296,0.08770584003068652,0.83977241166673,0.003781737967677251,0.6537257385055333,0.7979498547673867,0.3694788618964867,2
0.5672207581593347,0.12890053908826005,0.20489367703800188,0.23793266697984283,0.7251231565626146,0.7618122185213108,0.4025589264717662,5.5753035245756366e-05,0.7586154425586337,0.47255949427328264,0.04317576710576543,0.0176146106721288,0.24373049811896164,0.2985626225258052,0.12248455245643347,0.03672634707697836,0.24932503631121955,0.45057735970781754,0.10727043168412388,0.2441896790371626,0.11315219902760063,0.22291371032934618,0.08186116266120211,0.5812841440396832,0.1661436985725751,0.3062068565725036,0.15304365133329906,0.34527038741257515,0.0,0.29120359377461913,0.20515060661761442,0.28267264221936417,0.05569979510252093,0.4604643341410528,0.6903326577794489,0.6118570890697363,0.3621868048434662,0.0012755244424029978,0.5622655378004664,0.003606167234877125,0.6458989754345936,0.7493438063592517,0.37075031500161326,2
0.35959862152848165,0.05211709904220463,0.30804653333952914,0.34436146626765574,0.10135586699640083,0.2185520081670659,0.5072299862788809,0.2543331204768599,0.5782478928824946,0.4387598240280371,0.41272936069696453,0.38115377279380713,0.844298369251941,0.025662894305133802,0.006314808298444852,0.8362261177861708,0.1792270766632689,0.2976491956725588,0.22348900058105534,0.04234125738104001,0.22057193169535386,0.3611547761825483,0.4504217601340702,0.3835378453205646,0.32631747707045183,0.11570109322676794,0.14300884953620302,0.042326716752455175,0.146778120978637,0.4641322504950647,0.0807013980363479,0.1809217238714076,0.14576717142345505,0.0,0.4192966667581941,0.3070711925732217,0.37975483725569137,0.0017473731038446373,0.36496351050138975,0.0021206534470069862,0.12073744718534063,0.6903411520274296,0.36534663930505595,1
0.6682208257314612,0.4208319521740904,0.1786562993570046,0.22860391583835069,0.8478014285816782,0.8965112293956573,0.2861395238337121,0.0,0.6088118245939899,0.5068441622741446,0.06542139919740837,0.004018101211323469,0.15181014070747018,0.02443060187179286,0.006180924611531571,0.017497281204924397,0.12949969123070237,0.4111871059673009,0.22452639177066022,0.4289545057732478,0.2276643578152919,0.5034507398574152,0.012073594859788067,0.021147546980099158,0.33943159457042027,0.4612862694739409,0.3228437019249548,0.4720708944038802,0.0,0.800365548104992,0.906476119143773,0.38969208683696444,0.2090161595315904,0.9999999999999998,0.5496279824423547,0.977248597391067,0.8180135742165824,0.0011130403180521324,0.46434558613861165,0.118974381129765,1.0,0.4729393239869626,0.010911051469597366,1
0.0,0.10810987630628155,0.37719405152359414,0.32383190611334095,0.08971107698152224,0.5130089519977075,0.38972183507599806,5.5753035245756366e-05,0.45650172808843914,0.888683255172068,0.0020422852215188176,0.3327102419885656,0.16658150880314093,0.03279578874326464,0.03252616368946438,0.1220295707234871,0.167790057296694,0.22258957620205477,0.7231462261874131,0.0005849312615276267,0.7216180316540383,0.359433116134234,0.10734308787168087,0.5346158419334962,0.02315245606211997,0.06403016459017928,0.0033379740778527317,0.07336063349831076,0.0,0.4950585969687633,0.10624357970923326,0.25255731645817514,0.0885398814226376,0.06426403292869387,0.4014001213653069,0.3057347906473453,0.40615287680013346,0.0009146136434931556,0.3145302610273011,0.0009151136613847781,0.28178781193628266,0.38339545430259925,0.37075031500161326,0
0.7096695722683966,0.044726007083161434,0.474517911391428,0.4273250711596559,0.14841453511119962,0.7710660202297926,0.8401046639543814,0.19046189836945143,0.6185073765860608,0.9243598881076063,0.3474750200242934,0.551937858491361,0.8386412010818027,0.021567713602276103,0.032455902602757464,0.016954995848076436,0.2728238934590843,0.29806216494312887,0.9972299421481086,0.22615056869983205,1.0,0.3883554341852576,0.6584643606023554,0.42443859660399297,0.45642702790540135,0.6507474177735462,0.19412595452097328,0.3609204208935281,0.28186171862329296,0.25459799836576824,0.012451219042003858,0.2930927309662281,0.16895044953934432,0.3731185170318321,0.5706276971246935,0.30188282722039017,0.17162150113140084,0.001543557770928387,0.41314212198705924,0.003833057509184324,0.16902951809727806,0.5752478312144429,0.3631215963711613,2
0.5418406649097913,0.06099111987298933,0.4472446452592403,0.40161401500186317,0.13383069367632494,0.6855685286398061,0.7273801185442379,0.2409087593801218,0.5941899287896447,0.85909603852744,0.40016592879036084,0.49123174022067545,0.8541308852982654,0.014431112884932113,0.029035780836479983,0.024423298549206777,0.21136450329441048,0.1752369827924402,0.8612367278347556,0.17374797071360215,0.8610918610779774,0.28504300802978033,0.505765458749415,0.33790670868617095,0.3524313358540307,0.4768466244526868,0.14448598550210476,0.32170152722201273,0.20042542776147668,0.2718216789497532,0.012890542200942212,0.29425691560367717,0.13004606537674165,0.34786740884512435,0.5565662503890461,0.29533994269209596,0.19232333292981751,0.0017379577806651907,0.5703414635481965,0.0035560198811303142,0.30040434143572314,0.5557016312418366,0.3649652033734811,2
0.6452463004257045,0.12774996074599887,0.20934726700779926,0.2856563976697863,0.7526393074544171,0.6120844646965726,0.44083740884763906,5.5753035245756366e-05,0.9394620043931541,0.2954483144228551,0.44715494000921785,0.43519380074365116,0.5528037211336966,0.9509821887671869,0.1506297053549766,0.04869209387112207,0.27520110614760684,0.5850743418337919,0.14319870529975362,0.22892782962765562,0.8254631732543418,0.2190155354896212,0.09770694143157707,0.5592168006977688,0.16445462162055435,0.25158063975020256,0.15863660805907168,0.32480488894133375,0.0,0.14735426243717242,0.20371204556627076,0.2678603572611713,0.03134684033481269,0.4839688716410169,0.7991190249622977,0.6536021019669207,0.3125538672986605,0.014164567177773018,0.6366516235751738,0.002426628347992086,0.6727764598613242,0.5823083695133426,0.37075031500161326,2
0.5360797651493008,0.061762856734850935,0.40751748839938867,0.2740941264128234,0.06149878231640306,0.6080434943967032,0.45365486991035947,0.4567225776795859,0.682990404407532,0.4030910013896936,0.6077179341700996,0.1991058403044112,0.8201525694807097,0.31319691829728336,0.11557264930936725,0.07661700445653907,0.2180307536652597,0.3247909389926907,0.03456668799672019,0.11044892475144534,0.059131388761291946,0.16910472033002902,0.26513533170715226,0.7423108143333116,0.19598865626408338,0.3152256722062725,0.08782702376408388,0.43545495603937184,0.04649914666474016,0.27945546636079,0.13073869358400902,0.24865057897368104,0.0656591643667323,0.3366361378159266,0.6435488077273859,0.5055572777396009,0.3207342806776705,0.003931244325847861,0.7616881334770655,0.0019051247026079061,0.5663657975847114,0.8065921528085758,0.08422249646437135,2
0.5332454895601053,0.06838919032083535,0.4296128727759972,0.36910348484418193,0.11539005032532705,0.6120844646965726,0.6729036355585749,0.28007604024789656,0.5736321383104757,0.7363148512639295,0.43995415402802074,0.4335368248892643,0.9042910606400526,0.08679317113630476,0.04227632154303341,0.03536531216609802,0.19647632163448578,0.1781231867759486,0.7652059277174502,0.12163369725152368,0.7696728213743318,0.23983675421602904,0.45208967331936695,0.3088247309854357,0.28955370491853577,0.3540394212297176,0.10971285978241946,0.2830269787736552,0.1475343889126492,0.24189198667514256,0.0,0.2944810287349071,0.09250308286973782,0.3727501897132517,0.5820134075212713,0.3021789370303092,0.17841846651183824,0.001976261162639205,0.5779530079886037,0.0029560278996070668,0.2028213412279396,0.5890657893710878,0.3659823658575885,2
0.580174336103791,0.08471013102112934,0.2866419988584341,0.2995023501052997,0.07591085092995127,0.6509391772066135,0.4426075260393751,5.5753035245756366e-05,0.7215074813381439,0.39873450797449855,0.5106101454773949,0.1793184080445797,0.35443717588526397,0.35502517641094256,0.14155552374813568,0.05870020934828785,0.24216669059413226,0.5182071145824215,0.05692297394432576,0.1347084002009735,0.2168564177345768,0.0036273198520717235,0.11172996864038151,0.5592887184758194,0.17421412502746977,0.23771092740469824,0.0839578449894667,0.3844956482730115,0.0,0.16692359758014175,0.16399188132263487,0.2527589199326963,0.0236238942375237,0.4481242748238823,0.7655895999692812,0.6127030411006891,0.3011531547273105,0.012547978159927425,0.4790285226550324,0.00198886067493288,0.46865288027636676,0.7553726315721436,0.37075031500161326,2
0.6655179404013785,0.05281843716742696,0.19889942449949133,0.19481435417670004,0.016529660076196384,0.6120844646965726,0.3550143123109128,5.5753035245756366e-05,0.6938222455725069,0.34493896832714616,0.03983946204927967,0.014456645704311169,0.21470299344488236,0.28508284470507844,0.11533584698666961,0.07534565728117033,0.2846786707861589,0.6425781284521537,0.0475631768723804,0.13184656101141023,0.08244277097329555,0.0007656591692978536,0.0753286205335938,0.4200700366193454,0.15764578715500116,0.23403276775802603,0.07095740995032748,0.38166092065307544,0.0,0.09715166264066899,0.22411242729745717,0.2192117710533068,0.01658995075512673,0.46143263055825856,0.8568383611032631,0.731116203385753,0.32807506523260543,0.0016995244329527843,0.3595747633959969,0.001875511257130996,0.394844627490641,0.8530433034667273,0.37075031500161326,2
0.13229272248124824,0.09093843228249199,0.3040004345069242,0.2960590840782614,0.0739577594097806,0.21272391546852548,0.3271715504572071,0.5453937703750277,0.5066829690314567,0.4450902259047677,0.6581194667191607,0.23347646646616477,0.703755932927453,0.025219939306527984,0.005749257911152713,0.8847498747203586,0.13160306623787854,0.24083917653170872,0.19616798273980002,0.014260295111994321,0.19408579486428568,0.2846745115171392,0.14277577481368117,0.39209753470317726,0.11216047433560812,0.04062944517327232,0.022054017857257864,0.016417532854904708,0.0176500240535546,0.4775189630424035,0.09014909175680463,0.20830527504250962,0.08477193370980893,0.028659431119429035,0.4195731412342947,0.31882230442823567,0.4015990888454215,0.0022039786816864582,0.2328355348966843,0.0013938597542593905,0.1210523692103489,0.6079333868086567,0.3689702806544791,2
0.7425501723089396,0.3106299830771624,0.21746540759196004,0.2515772991395055,0.9276801601592555,0.7846763848212065,0.3389259842572398,5.5753035245756366e-05,0.8619362463021665,0.42285783519138237,0.057932479366765405,0.06013218274702284,0.21720666453768978,0.2704468037579946,0.10214622148043807,0.03273684844521522,0.3455660176786033,0.5347869566120045,0.307400434959283,0.38618457742172047,0.3334068712848702,0.5227233376110464,0.03612255531701012,0.6535246745351763,0.31734296987341354,0.32314668642208777,0.38323452403413455,0.5045714515313354,0.0,0.5820353213247014,0.7577888932965252,0.3302403834245078,0.15458551541839619,0.8718882552563907,0.6725730315780178,0.9648301100060348,0.7000308390972558,0.0012195109752496395,0.7660558988232418,0.0039984770503239744,0.9607558521234152,0.5678251546266615,0.37075031500161326,1
0.8388404621933914,0.08710026343794919,0.15985955569151977,0.2306883511978671,0.8890381877263837,0.7846763848212065,0.4193158796702023,5.5753035245756366e-05,0.6800664342843302,0.4153916466511534,0.0572036952482143,0.8967824470915193,0.19906007757320204,0.2720540763496383,0.19315184386731069,0.03273684844521522,0.3408131606900823,0.5738570275289868,0.053947680078323734,0.37246584946680417,0.11854023018892619,0.015392410414976701,0.048870875495388745,0.29257968698189035,0.11095452572337701,0.25849803697046836,0.04606979409414954,0.18906947018813522,0.0,0.3125288126099197,0.6116395979896049,0.8635280089298973,0.08051495074484014,0.5132439124099999,0.7922333090001179,0.8432523029206143,0.46637877665024274,0.0014133023430678588,0.7660558988232418,0.003530406903419607,0.6776457766048831,0.7657908958738708,0.37075031500161326,1
1.0,0.04802072611176378,0.39097658652059225,0.3122277624099368,0.7773683229021803,0.7047181882789804,0.6662428026131895,0.22301209359433372,0.879271692618029,0.3894700739577978,0.3874050397255928,0.3745620532886457,0.8671208070022579,0.3455303151516431,0.12087559852063456,0.04850764183773506,0.3043842187725451,0.5780191260963303,0.15480456165178993,0.25242335991889986,0.16645066285787521,0.3366181993776893,0.8084247184502986,0.6036455327312864,0.4422231229624248,0.29233813427505684,0.21096164321865693,0.2859834337787954,0.27887571031571773,0.20706360980105742,0.2507427638612799,0.19105592163026452,0.18387097115962917,0.40975123302133243,0.7693959223606908,0.6991917542298502,0.3486511000948709,0.0028819507215414554,0.8124664755363176,0.003513907140379641,0.6319329018215907,0.9427944599350098,0.3643930494761649,2
0.3148185688222176,0.5003576475514269,1.0,0.932248066928347,0.6237418085368294,0.500720813544165,0.824698968260321,5.5753035245756366e-05,0.6070976466735859,0.6105650568110734,0.15785972272440105,0.2561174798544319,0.30595293703810494,0.5966843139124473,0.9528131252583899,0.12985172453172752,0.38567408309945406,0.38583830520838486,0.26309391620142847,0.8312943010490026,0.3200005752217932,0.32516979995440537,1.0000000000000002,0.8067516274705656,0.5602256477282022,0.7335815864412257,0.6224312291602758,0.49362782843198894,0.0,0.6594891742627487,0.4305458777554293,0.3435504702469765,0.38241029317982245,0.5735491756547988,0.3027755139712984,0.23380038896574185,0.155570091111346,0.0009254868141570066,0.5639819483191699,0.0,0.3625066146843463,0.17296216339909187,0.370750315001644,2
0.8520170281775794,0.4857900521642051,0.40067142476216594,0.7804980549314927,0.3487415369581825,0.7047181882789804,0.7582462484758847,0.11153392888869852,0.6765017190282376,1.0000000000000002,0.12342722745050003,0.8663493868621928,0.29901419988582034,0.1575787684347673,0.43535905141168607,0.04850764183773506,0.9999999999999999,0.6451217919381124,0.4196871086069038,0.11750081974549607,0.4508088980111151,0.692412241113274,0.14211382672605227,0.9426218239195241,0.5553603117961864,0.08447713454108333,0.16565489352788493,0.16523100045423872,0.9999999999999999,0.7189146734089757,0.41733979209854477,0.15425545929283713,0.9999999999999999,0.4678224705425622,0.10890271844851984,0.0,0.0,0.0013025845870273556,1.0,0.0035525094760888148,0.3609981821320225,0.12373164690765304,0.3580357839508395,0
0.8380759722742348,0.08805993636503295,0.17196158245033277,0.23896379827294867,0.8890073824964089,0.7846950353927683,0.42348231699561517,0.00011147820093594663,0.6807799788492775,0.4172071698334054,0.05720948322135974,0.897826227025277,0.2005333780528043,0.27049960512853394,0.1936820380538905,0.032836519862947264,0.33935439449625787,0.5722096669633331,0.053139776511112,0.37326684405009136,0.11744702695039512,0.015318825053723572,0.048207232682288485,0.29138149570081506,0.11128632193550307,0.2580233016301977,0.04575236399101452,0.18878030814587135,0.0,0.31253365024644575,0.6116391094979606,0.8635193236189576,0.08051831488078284,0.5132470459478373,0.7922269088984524,0.8432459640223164,0.466377745139531,0.0016713331714537337,0.7732980018735462,0.0034858922232833102,0.6818153547930894,0.7640027845215469,0.6860071488893018,2
0.18512061625785492,0.08118599417295869,0.32274462871176324,0.3223944523138079,0.08889572353381898,0.30079891487500343,0.4142504574198587,0.42098964883663736,0.5242967736254807,0.5548811968137186,0.5654760576524244,0.3183198285549071,0.7687116761493695,0.02676441469907721,0.012413671119538604,0.4239150617497341,0.12678897212423595,0.24019041413120532,0.36799045093237404,0.021581699488790906,0.3644059362360262,0.27903956372312344,0.22087299043426584,0.3962639490745317,0.16738206138713033,0.05923234694101415,0.05219017653574532,0.02776961409103737,0.04066563905636147,0.47536611734816003,0.08942914600112906,0.20861712307960656,0.09659218396189664,0.02937859213588223,0.4185108175764718,0.31486144423314166,0.3964536830580385,0.002021001008182999,0.32522618359459377,0.0016132562851409104,0.15655084620191606,0.5843123235470247,0.3680802634809582,2
0.7757956618690454,0.10187721348941903,0.2832331931536289,0.35525586874094944,0.8450685522264668,0.9999999999999999,0.5946154991008366,0.3744996203972316,0.7627972517321661,0.5717836953462021,0.41157166517467225,0.8663311920159427,0.6673681982420181,0.9018486360055549,0.22653014275130262,0.005886320491094602,0.20289413869324602,0.38884052912231243,0.07261569915015469,0.4612451245297962,0.85322939251961,0.170429697047687,0.3634696021656465,0.4215588775047481,0.24869977198751772,0.3181740008506337,0.1715822913502899,0.3495678588234981,0.07790903223317729,0.5308452215921207,0.4007663822507056,0.5494756311109035,0.18898014648837289,0.44737138079565564,0.5945940180476659,0.7050063334481826,0.5115915259208748,0.004193410857646416,0.7135214726447321,0.00743123053104968,0.6495092583559334,0.5976988884911301,0.3675716822389506,1
0.6462598824244883,0.13006158516373567,0.20341420846874742,0.2978724628136942,0.7319685993565361,0.7846763848212065,0.46674231408569716,5.5753035245756366e-05,0.9316430817420676,0.4330649606490356,0.45132181467765464,0.42798541761158154,0.49438020383904285,0.8840184641884673,0.14814639192552806,0.025266472166377178,0.32908971525226227,0.45482140428348133,0.14406219011646207,0.20606958046147192,0.8285883711417582,0.21911892918725326,0.09163312345405294,0.6245268093224747,0.13409802129055504,0.2797389794328497,0.1276496137703407,0.2457039180114404,0.0,0.24991166211798665,0.2688702751594779,0.2847212724597512,0.0661955423507144,0.48569723317853386,0.7623666098222821,0.7143955219256,0.3939008100543784,0.0050050540480776635,0.7346478103904224,0.002753929568834899,0.8153704094308691,0.5991434346959355,0.37075031500161326,2
0.6141631191296777,0.06929057845857045,0.18710334259830608,0.2461888327488838,0.0456703241040725,0.8965112293956573,0.43178901082843474,0.0,0.7624438905883404,0.5068441622741446,0.040737749667753675,0.012958702753904372,0.23074265570437358,0.35440297899513984,0.12819801268938205,0.017497281204924397,0.33089787685924055,0.6410570428735188,0.033353247434828745,0.13113136179613147,0.05744291072046909,0.0005068436374995799,0.0832327888400769,0.6053841256487017,0.2035626720386245,0.29272102346285966,0.10683172772605493,0.42139355283629165,0.0,0.34955102883566824,0.31493611415229383,0.2711837250227829,0.09005434294770479,0.45192841316641563,0.7232526995673862,0.7783634195846505,0.4756323324884455,0.0011130403180521324,0.46434558613861165,0.0022484010571342016,0.5228608737591631,0.8614864528831301,0.0633021333165622,1
0.11297384958443146,0.9826671784225196,0.24240404316497322,0.2343083101761813,0.0389314466227121,0.2005597791120222,0.023620710627264674,5.5753035245756366e-05,0.0002748539620537338,0.15703827581928437,0.12246020541681754,0.27950415841318793,0.0486809978775022,0.016146599347305078,0.3705460644764243,1.0,0.011196028821786655,0.0,0.01802980300332645,0.014816489149543728,0.02299489731283006,0.01912298717020722,0.11870338023002852,0.1324341200753076,0.061195367756050244,0.14215578389230143,0.04457604482052049,0.05931630215859172,0.0,0.9746527739067101,0.6323790666769714,0.0,0.6895050269609811,0.8274025791044963,4.5938037341208826e-05,0.06463861971041274,0.1432504936079526,0.002901161090646374,0.4756128008279097,0.036799404760712466,0.22100929097928024,0.007100345546325326,0.37075031500161326,0
0.4030002027163997,0.07052635251836303,0.4785438919223686,0.2515772991395055,0.04872677339715843,0.7846763848212065,0.3389259842572398,5.5753035245756366e-05,0.6894255568189963,0.4153916466511534,0.03680607357505201,0.04152805958003919,0.1750685211682113,0.37814423117626955,0.11611776572926837,0.03273684844521522,0.356896439496985,0.36285104030749715,0.03978713125886277,0.0704106364135984,0.06475732378377831,0.26989939617513653,0.1410764191956327,1.0,0.17058965118939204,0.2905432453731546,0.05973326101467961,0.490936122082195,0.0,0.4622546507847982,0.29658722487289013,0.2283231927723668,0.10913312345962314,0.23475503873844694,0.592330257306728,0.6731855692666227,0.531153605843474,0.018647924295257953,0.7660558988232418,0.0007421125074155649,0.6845775538737355,0.7803313779087513,0.37075031500161326,0
0.6001824447597812,0.16850346307506658,0.20700342400807076,0.24639699138462853,0.8788055674554981,0.7756383868111654,0.39325442848269015,5.5753035245756366e-05,0.8038922360065383,0.4699190371260589,0.04719662555588041,0.029008049713471956,0.24521886646526203,0.2889462254633055,0.11651952983406726,0.034270112491884636,0.2664854547706534,0.3749567685678214,0.18076462022652307,0.3631441564817275,0.1912018215788545,0.36105450300614206,0.06992608959768523,0.5940314850974181,0.2274913114763017,0.33219011710238106,0.26967973283432517,0.4260941936986763,0.0,0.3411184631215318,0.28369191199887134,0.2901377715580855,0.07294571981480544,0.5107965098936642,0.6843331984656698,0.6668220117574759,0.41657113796653555,0.0012404147409860599,0.6460414391452076,0.003996737390657964,0.7809985368414261,0.7064626876579918,0.37075031500155176,2
0.9045611189945268,0.018685776095186846,0.3586792516090454,0.29287928007424247,0.07215410898390974,0.5895092108213096,0.7192878614328568,0.17696598347330372,0.6396129205792319,0.38192773231807936,0.3338939472501423,0.4305274751058,0.9105966102110773,0.22117683676235125,0.09216790420351145,0.0839212816577722,0.19370914379617524,0.5100685981482779,0.07037816235671852,0.13877502667528338,0.06262438044724596,0.4072161713265444,0.8706601016887493,0.4577044194411662,0.49361536007794254,0.45077025806321736,0.2185457055845488,0.39427776255710995,0.3465522473478181,0.20534149799873203,0.024432515753422535,0.21932332799664223,0.18506929557615673,0.33735564991480915,0.6346841729561494,0.3783899679705749,0.1774874800883255,0.002028347573181302,0.5045310382547994,0.006293340879497546,0.21315714923866258,0.95491472089934,0.3624858698185673,1
0.5776403811068316,0.0768392679565233,0.1972555149794048,0.2412987939286031,0.04289659321072915,0.8548476493516451,0.43022996612812897,5.5753035245756366e-05,0.7321274279596026,0.5096405144802043,0.040420913910395026,0.007670593744902546,0.23298879919749982,0.33625233992617726,0.1287128523623502,0.022499666447060314,0.29924683980634476,0.6193755341462309,0.03148280438535711,0.1380014803619821,0.05486809185907464,0.0005796547601247828,0.08849734832626721,0.5966000632676131,0.21640749152380917,0.2996755867808627,0.11828866369225649,0.4546883199983139,0.0,0.32546512834790264,0.2558353034474078,0.27716968021560784,0.07483768438353591,0.4461544391456782,0.7039635972138663,0.6964888536418863,0.421748475419748,0.0011779205516151076,0.45396242393470954,0.002579559073184915,0.5250864609685777,0.8361842458800222,0.37075031500161326,2
0.7841070342590717,0.5133114674017323,0.9965874718364917,1.0,0.6534575401368845,0.0,1.0000000000000002,0.22301209359433372,0.7467202501380343,0.08089111606906296,0.13138694582624097,0.37517586492765687,0.4388884645926859,0.5929099299084601,0.9999999999999999,0.002855344126703626,0.43600347101013437,0.31320070503712194,0.15801073614196295,1.0,0.3128102033343722,0.6006388016852321,0.8413805864340869,0.8637145515518667,1.0,1.0000000000000002,0.9999999999999999,0.4463921998594358,0.23910805960455347,0.754579332951151,0.5804621707655023,0.25203970995553826,0.5794216125230683,0.5847575302560828,0.25745815086466717,0.2675245167284548,0.1554848372809774,0.0007133597278787166,0.6078022159939924,0.0003088978095576165,0.250062292491243,0.36806856826939116,0.3643930494762264,2
0.5060477059260693,0.39786109318026863,0.44938872927344103,0.0,0.7824095740050634,0.8965112293956573,0.05216334388682431,0.0,0.2008995424760613,0.26570805174745976,0.061571571949156925,0.11369600234786639,0.0,0.06193340306035361,0.0031170958428986296,0.017497281204924397,0.0,0.06911565328242857,0.19297206203477474,0.409203512798144,0.19658713771886344,1.0,0.10847061180876327,0.2794688101721612,0.19142996270450524,0.364423346899318,0.19314408490718368,0.4720708944038802,0.0,1.0,1.0,0.3209572369847402,0.2651302239579515,0.7218536696819535,0.4126052327112357,0.9999999999999998,1.0,0.0009862175176882286,0.46434558613861165,0.006826246439930407,0.9436846807242487,0.4581371947879558,0.0,2
0.6586891721698156,0.05483978503396347,0.3436103688601099,0.2759631629444177,0.06255893839266359,0.8066907179320116,0.5129198904875643,0.4660339956737738,0.7437248337791622,0.47909720927033445,0.6226548218165787,0.19373357002526587,0.7766297085435919,0.3399994022937244,0.12360064207091913,0.029319331534026848,0.2656089111748452,0.5590777539236568,0.029563200931146606,0.10959558615096263,0.05117291879361927,0.11835712673514677,0.2781627498635508,0.662131318446136,0.25123847164828733,0.3257737208832756,0.13379459639994992,0.45646527295053063,0.04238950226047855,0.3172109342851279,0.23735653250305477,0.2656298574067302,0.0911984441850903,0.42277558030318874,0.6950650725778842,0.668408732102068,0.4034673007576668,0.006718481742940083,0.7119001605756154,0.0027764012797873334,0.5803523797685897,0.8736443296338205,0.6634230262812804,1
0.703995501684533,0.05645738901727171,0.28803834322652505,0.2496196576485337,0.047616358760145874,0.5032018845373071,0.4799713345736198,0.42044556592388493,0.7068274951157826,0.2600559467642057,0.5188216029791891,0.38624493977644647,0.9566170412076586,0.41684222658234465,0.1448845774787639,0.09905826917565527,0.17451719554410292,0.35510914551112804,0.05094270145894712,0.1268865857871567,0.45815309136488586,0.14088052091467196,0.3351065506147337,0.5422323079337992,0.17248345091172052,0.1662107435850232,0.09572792246284559,0.2432209775740264,0.04856139955036598,0.12863910902842224,0.10222826311103672,0.249311859292231,0.03077642966168953,0.4316500584157681,0.7541964089926858,0.5309061614592163,0.23715871252900356,0.003878089467555154,0.49711731639349965,0.0026554414318937774,0.2954252986377941,0.7652405284199488,0.09090850436389275,1
0.49444557064666483,0.07917095552957942,0.33612966675432326,0.24771618125236558,0.04653666768225416,0.7965107659063618,0.39691038779435933,5.5753035245756366e-05,0.7078289780820587,0.48066977665242344,0.03841754149808025,0.02095557013519976,0.2145001672139455,0.3378649899275113,0.123451657080929,0.030810636771974688,0.2844308976826001,0.4547411116929155,0.03552611087877158,0.11377811720162427,0.05992366541760944,0.11695860639764341,0.10842139170868786,0.7088450945042323,0.2041657217042774,0.30205671041393894,0.10003689959511497,0.4846386117338697,0.0,0.3301960170618883,0.23173728585522968,0.2715298215097699,0.07137529324649824,0.4107861975896461,0.6798267467030779,0.6522333934559572,0.4097470735018429,0.0033677988790173953,0.6549800207694312,0.0019522894838591561,0.6595528465726739,0.8006959801974196,0.37075031500167477,1
0.6629839854044195,0.16004727926167295,0.21928093744892252,0.19481435417670004,0.9447112765277839,0.3544379191605274,0.21406280829195445,5.5753035245756366e-05,0.8337140041214175,0.16350020322447611,0.046888231290542266,0.0463005070444554,0.2547359703807916,0.2643257022088958,0.12169796430763122,0.2950299658091165,0.20844230470098069,0.7769275401789976,0.21449174609842175,0.39958065947808785,0.23309866561349996,0.3803846122494815,0.07866445770853384,0.48643981336517433,0.34622144063129007,0.25754050861568534,0.39708292770458986,0.7445921534110532,0.0,0.1272540874988335,0.22690400492497587,0.24248131709331044,0.013455594534217852,0.5247623999509223,0.8090109482635355,0.6542582829726034,0.30580182115392285,0.001874655285395886,0.4736219923548013,0.0024716803850025892,0.5400731049531615,0.685622548793724,0.37075031500161326,2
0.16410836135140894,0.09432564510287023,0.3234233453467042,0.3321013124956053,0.09440165486752368,0.4071143389911947,0.4333269968167495,0.49142040024081757,0.597275664023472,0.5455488054593622,0.5165066532476964,0.4930817805313012,0.7011502691189867,0.3603749837801001,0.027344861725289524,0.10486104385865426,0.1274656728954454,0.2187608735186845,0.35755241496858126,0.07336786560242341,0.339419356547908,0.3012355154944886,0.16783813384759147,0.4190802696860141,0.13582466035169272,0.06565398423493404,0.13426737007609502,0.45294780197966084,0.029917428824032217,0.5052857786940814,0.10569995682096023,0.21490557868660254,0.10421736439737192,0.006320433749891441,0.4030249957935692,0.32280346200745336,0.4228829823255513,0.002072855852226354,0.4201630766569111,0.0021224650408258657,0.2564358394944788,0.49199834120307573,0.09053305024325908,1
0.8708563007777212,0.08058187085414747,0.19517266794933247,0.23983130640729192,0.8942708156266148,0.7817157418755837,0.44848629624488184,1.0,0.6872845449565328,0.41300895694853906,0.9999999999999999,0.9133075247991669,0.5137380539273708,0.2631466747526519,0.19359706433077842,0.03344077742280244,0.3443944772351733,0.5833019597089975,0.05531614036663163,0.382509005886965,0.12122699770843749,0.034770426857029635,0.06774241912800552,0.2856164175610143,0.11910349078069879,0.24949470383866154,0.041157853594405554,0.189243453984274,0.0038755965126584125,0.3121270513105321,0.6108900969789776,0.8622323489768635,0.08230390382920735,0.512175752435656,0.7920270721534481,0.84248440528725,0.4655610989841812,0.009287783531880197,0.8110630136754595,0.003677100265276345,0.6712662511928957,0.7817824672525076,0.9969951006374045,2
0.40105100656488935,0.08590922328077699,0.3790882000116543,0.24271366130416627,0.04369913517283118,0.6200762970969962,0.3418267188449237,0.00011147820093594663,0.6571924329289168,0.41649217413580936,0.03366687087521576,0.02454522305255577,0.19564005875331503,0.3153240501667375,0.1193278301732251,0.07271995874077233,0.24621101838233725,0.30651927364415177,0.0408857239473608,0.09877714417579801,0.06706120619760993,0.18910963527190142,0.12786654109513723,0.7519445057938862,0.1690704047515214,0.29220834841550536,0.07181203568063918,0.46227309867729205,0.0,0.2818984696848177,0.13297239227806001,0.25906810968189586,0.043015590048821745,0.349327927330918,0.6450264475372598,0.5091548793586058,0.32652517133546977,0.04044034998654595,0.6456551302730573,0.0014279530290709523,0.6083817632852542,0.7480434544635757,0.660999544291982,2
0.6969389823636729,0.2250562640660121,0.21235393935610392,0.2978724628136942,0.9605433615135701,0.6120844646965726,0.4193158796702023,5.5753035245756366e-05,1.0,0.2866451786094046,0.45531050599887346,0.4260392206455735,0.4907065666267076,0.9241381425918083,0.14052943875123702,0.04869209387112207,0.323725925216139,0.6163462744001414,0.30114513932186654,0.4192909868893217,0.6650440080703486,0.4450468948927036,0.07438671483302203,0.6233279741830142,0.34734983911746903,0.2944977091620221,0.3694106142880295,0.6025634579972484,0.0,0.266844796355743,0.38823790766427557,0.29722698261629765,0.06740230560195695,0.6398773046080832,0.768414445500158,0.7417830712213302,0.4216891429989995,0.006406001301783264,0.7798887708459383,0.0029318292312059914,0.9178496199811979,0.49162010010992097,0.37075031500161326,2
0.9110075005067912,0.06037875748007071,0.1298562703576886,0.20266147241646795,0.9194316912956428,0.6452771175992957,0.3713172401171258,5.5753035245756366e-05,0.6953833887532097,0.3313490292636995,0.05134098638060798,0.9192774548626854,0.1948297531222825,0.3001437953899849,0.12217320416937454,0.06436183642450356,0.35095118126439667,0.6360298465284528,0.05194816049089772,0.315522187291485,0.1655978547091657,0.013137182550532915,0.050817279054807284,0.2962212648534885,0.09503121966131443,0.17605407942030254,0.015570778617223446,0.18395277141327104,0.0,0.13137534298726017,0.5403503878834682,0.6704726338657196,0.03837881940834878,0.5148188458459635,0.9189695370172202,0.8950303879609247,0.41033922124248545,0.0016504136730331061,0.6676219778955199,0.003885244757879722,0.620477293223447,0.806560964597766,0.37075031500155176,1
0.6899452665720656,0.26706240513617097,0.21316757817176524,0.25312879428509677,0.9493492643376624,0.786169073248549,0.3582698890504015,5.5753035245756366e-05,0.8514372925248123,0.44436537041360896,0.05545932700071877,0.050441870992930404,0.22931948853010697,0.27064467284420984,0.10496994664736305,0.0324888941337248,0.3112530111106512,0.5208474458985958,0.28353492482325754,0.4253734545992893,0.3038189293835557,0.5156855291972023,0.04557737046904931,0.6273184130484513,0.3187459896312189,0.34989246168036264,0.38762519630138953,0.52924250310456,0.0,0.5020050928366664,0.5816606319738918,0.3175662018381922,0.1267800466780162,0.7349420907154369,0.6705785460540015,0.8527964871839842,0.5985909959760791,0.0012266854220507493,0.7524132087757085,0.004305625437749342,0.95616276740349,0.6072044656327686,0.37075031500161326,0
0.6920129738495846,0.14887122943526787,0.3372890354071352,0.1957836102993225,0.911829813529563,0.0,0.09778561625700272,5.5753035245756366e-05,0.6331250412618149,0.2340696228620976,0.05749385228191196,0.9050829634939406,0.16223535501550496,0.21070931461415668,0.20290725378970378,0.0021415080950277186,0.1481395031415821,0.37509849074800994,0.1361819936659894,0.4936364257578113,0.11186888246738708,0.26659988797994494,0.04956001038925436,0.3945675186802949,0.18101536261971934,0.20810461264113062,0.1797916168724638,0.37744401746701417,0.0,0.20049842923473737,0.4083067118340685,0.7597824875676924,0.023655205434217008,0.477879449803865,0.7523911898546563,0.5977978976642782,0.30208349441851157,0.0054076501448384,0.7989903029099332,0.001930968121820015,0.6487421062877852,0.6166398989009398,0.37075031500161326,2
0.8683517982119198,0.006613442734095365,0.04451812122432415,0.20268988095751678,0.020996821327086065,0.6452830010139564,0.3714563675254627,0.00011147820093594663,0.8093406464580813,0.2714228247082618,0.02228191049078925,0.009626713087452846,0.22731336781700995,0.3646960017264971,0.08043047818707635,0.0645275465535451,0.4603987368127582,0.935799767529669,0.01859991162353173,0.031755654369976426,0.03535020507855701,5.491270895113977e-05,0.01726723439687821,0.3754727266846797,0.13051824520036007,0.06823383435448227,0.044811152520593776,0.32623698910618393,0.0,0.0,0.3335784242394556,0.16786283706482852,0.011812147270283846,0.4842228914386393,0.9999999999999996,0.9344799663810719,0.38526025278611886,0.0010872246532195478,0.0,0.001210311287718304,0.0,0.9748748542183381,0.6712066802037653,1
0.7746401783904315,0.03360840210052807,0.0716898926989283,0.2509854346299449,0.048391055638020555,0.9512374939969933,0.42870273468791725,5.5753035245756366e-05,0.8805495108417978,0.4222075315637019,0.027716031183807117,0.030142817443439274,0.2283786088280933,0.3742303567623172,0.0953434205557992,0.012079962139714216,0.504305806811053,0.8132605546588262,0.018921576374951406,0.04703490244186727,0.03484960192899219,8.438804003288062e-05,0.03819934833022876,0.4912266277495794,0.1533262841033668,0.10889919625095133,0.06234435319637837,0.3254691232478967,0.0,0.2879847872920467,0.4308514784818084,0.22854161106037307,0.09460003062661163,0.47253674402770374,0.8435429483611832,0.9786387335872513,0.5486053957738586,0.0006817019115399043,0.2670722435548989,0.0008035654709235233,0.3403920963401146,0.961840032054275,0.37075031500167477,1
0.6312588688424894,0.10082171705717524,0.21339864393801028,0.2280932541292998,0.6315866723230967,0.41923851408473173,0.32651406215149054,5.5753035245756366e-05,0.8032747979490976,0.14883750038834337,0.49752816265766964,0.339005764472238,0.5258115934812042,0.6325829573211814,0.14078365624834896,0.11259362279285785,0.19953725667716524,0.47834591862896775,0.08701105332441024,0.16552677228046977,0.5818003796658785,0.1447004124593312,0.09869331578764548,0.46890844810058635,0.12374825352160222,0.21432491608911533,0.1112369894284177,0.27900387676717336,0.0,0.08550778482820931,0.15489171876811458,0.24115739705993633,0.0048058189207114965,0.46333563088118246,0.8193992426711696,0.6196514803377713,0.264989912764249,0.0535401313648401,0.4216675152095193,0.002013460538066593,0.3790322942621547,0.6569675972787019,0.37075031500161326,1
0.659618893168457,0.03967358118599584,0.429946193395415,0.29946041325723655,0.07588706348463288,0.5978256139534008,0.5486244986235742,0.291822127245136,0.7059791458866456,0.3917053244714254,0.45553961792359354,0.2987104723051975,0.893007728104931,0.31124952745208584,0.11230599378348581,0.08064697291667212,0.19447588123766688,0.3422953187265396,0.040158535134545176,0.12200157404364317,0.05241792271152196,0.21724584382706727,0.5086490715681047,0.7342245857603,0.2956843507699414,0.33793841694350424,0.12198740896473365,0.41304806758126694,0.15589246796522568,0.269597061915849,0.12067470252544354,0.22520478274794997,0.11725410109561454,0.30957719070080647,0.640642546379365,0.49175655665186135,0.3015360984409463,0.002796582787918455,0.8192656418628292,0.0022103934443345793,0.5503615305264393,0.8615968083737549,0.3662366564785769,1
0.8420452444372999,0.08644777299150341,0.16374903049565515,0.23171468550644045,0.8899554302250328,0.7846950353927683,0.42251507761255774,5.5753035245756366e-05,0.6810996999993402,0.41542678235685687,0.9564611360185523,0.8988392047464118,0.2508436734590973,0.27138152066961546,0.19335339267352564,0.032836519862947264,0.3414473409567028,0.5752652525358529,0.054129761486753816,0.373761887230945,0.11890546819692217,0.015651656114686052,0.04800770588873136,0.29211404781911365,0.11184741480095402,0.25779808006365323,0.04564547116821117,0.18923913489542757,3.980871205412414e-05,0.31252468581575,0.6116318993397419,0.8635147003070571,0.08053332620904627,0.5132329405954728,0.7922311904636845,0.8432444152684295,0.4663703777037873,0.0020315752061803613,0.7732980018735462,0.003551594818355025,0.6794551808793774,0.7673866758697492,0.6858249992527676,1
0.618893168457328,0.0779409968771283,0.208926916076079,0.26022952185652315,0.053634492605183284,0.500720813544165,0.40902078574296113,5.5753035245756366e-05,0.8346016757846875,0.1852688214194339,0.44114750993602025,0.44226087246976126,0.6180830106973533,1.0,0.15400111533619978,0.06261834579137654,0.3015921215910164,0.792366639356252,0.06313085844584437,0.13743223296315965,0.9200434960292295,0.017370706065751328,0.11218370111746853,0.4829354337074975,0.0939898395433651,0.2027146299895687,0.22114787520014664,0.46211622220664605,0.0,0.09269510011792725,0.15238969617117382,0.25307380022184245,0.011838500225490878,0.4578566268148536,0.8166296582233179,0.6197149482288042,0.2677622281263965,0.008984446989452586,0.3801767209357072,0.001630569990556753,0.34865255838666664,0.6237649690714877,0.37075031500161326,1
0.8681897871032231,0.025452225333591372,0.34972626328735734,0.28743229331660597,0.06906446573146187,0.5936868643937239,0.6942446922899201,0.19078436499831625,0.6349732234088604,0.3858573552197985,0.34898126605488855,0.4094982433690508,0.9242361135239464,0.22227134637942778,0.09337857201371592,0.08246282319079075,0.1923226670303137,0.5064107354641878,0.06577447657881465,0.13598437604719682,0.058553714961068315,0.37866184769616085,0.8161799235875042,0.4595517615870525,0.4606465267642418,0.4445503846819179,0.2014861670565799,0.40177508195433953,0.2995667527104033,0.20964705415401252,0.028527932354973085,0.22968361336898302,0.16289996093526524,0.34951528737521076,0.6358288124966776,0.38404348897054263,0.18547440410315685,0.0021442723998782733,0.49370934274679845,0.006159686556756697,0.21170120507027756,0.9377491440339503,0.6285298852770254,1
0.6245692276505173,0.08805108253807603,0.21403707357986385,0.1991139908693556,0.5263493978221354,0.38820918676222854,0.2784220803758985,5.5753035245756366e-05,0.7162700027121547,0.14623408356553513,0.5197647037608831,0.2702132845720262,0.4609066263902994,0.431860740069795,0.13575845022491878,0.15836824713378136,0.1806070646776636,0.3444765211386903,0.05793946691367903,0.14986144214943772,0.421099050816106,0.10116598422750626,0.09775907984427959,0.44633765536887,0.08659406729809536,0.20668699751886288,0.06704309511208376,0.20480826105077765,0.0,0.07738309470277693,0.146947040754689,0.23499191702636946,0.0004310499533682344,0.457476380417164,0.8217607809863661,0.6156270512097055,0.2589812494209147,0.014832150477460962,0.36068932764229333,0.001939176789951813,0.2996483329438566,0.7030113357799284,0.37075031500161326,1
0.6888303263734032,0.20870043092168444,0.21992362178701352,0.21563768429590047,0.9945159354541548,0.3544379191605274,0.22576024037869658,5.5753035245756366e-05,0.9109969708159015,0.15965894195320718,0.050956937780280334,0.058750192994363515,0.2738440271450599,0.2611360370770318,0.11891942264906015,0.2950299658091165,0.23609470333730886,0.9481640184376988,0.26771449450491736,0.46819100774658906,0.29060913816798506,0.4692066389655611,0.0754388586096815,0.5223100916772843,0.4367410403512121,0.2839311191746804,0.503503163495205,0.8790122374513232,0.0,0.1854404919945558,0.3198232160690043,0.25577874929989,0.030402253612682728,0.60452759739878,0.7943341967653814,0.6980323994416102,0.3595746909549149,0.0016226952057551123,0.5365532334897194,0.0026323141420792695,0.6627662297709775,0.6320368087643737,0.37075031500167477,2
0.8966146361240623,0.27660985013695605,0.20772814611474122,0.25209655107996354,0.7995148170759828,0.7047181882789836,0.34999280090059476,5.5753035245756366e-05,0.8444301496272204,0.3696443956225895,0.06542577276454783,0.8315529669663535,0.21472806301349984,0.20146003838730747,0.18022308286774735,0.04850764183773506,0.2080804699205801,0.577272693365196,0.3691613578063327,0.19273734171212012,0.20663854106846868,0.4555627441350621,0.036990449424848505,0.3228079460103972,0.257153449377545,0.2672283921298933,0.2998540919454964,0.37915627267678637,0.0,0.5059206861198904,0.9065811192833627,0.7923044729294846,0.13404776641891494,0.8369486805892621,0.7378934441529084,0.9794478725347802,0.6477482886935733,0.0012951279642634908,1.0,0.004178653594802687,0.9854355496723239,0.55776157374426,0.37075031500161326,1
0.6586863977295763,0.22394493972330043,0.21141529168983453,0.25214373905805265,0.9484907246749785,0.781679376785907,0.3741136639149579,5.5753035245756366e-05,0.8468423943794671,0.45285771012633386,0.05229689962150707,0.04421982913804176,0.23903621197208885,0.28327565514675235,0.11105564951449456,0.033239157595488455,0.2993070082044104,0.4947273173845872,0.256053077984048,0.41995981939987903,0.2736738701455128,0.47712244689082467,0.05569277862495824,0.6190230436347135,0.2974672678147741,0.34568866997085534,0.36118436906486445,0.5182235829887383,0.0,0.4228200706136107,0.4474472606070222,0.30184474687055896,0.1019777849463823,0.6283149185343426,0.6844150767873631,0.7781586901355506,0.5177768149862114,0.001229425887966369,0.7255265284179642,0.004092196496458558,0.9129554063411094,0.6500989066517859,0.37075031500161326,0
0.8420452444372999,0.08644777299150341,0.16374903049565515,0.23171468550644045,0.8899554302250328,0.7846950353927683,0.42251507761255774,5.5753035245756366e-05,0.6810996999993402,0.41542678235685687,0.9564611360185523,0.8988392047464118,0.2508436734590973,0.27138152066961546,0.19335339267352564,0.032836519862947264,0.3414473409567028,0.5752652525358529,0.054129761486753816,0.373761887230945,0.11890546819692217,0.015651656114686052,0.04800770588873136,0.29211404781911365,0.11184741480095402,0.25779808006365323,0.04564547116821117,0.18923913489542757,3.980871205412414e-05,0.31252468581575,0.6116318993397419,0.8635147003070571,0.08053332620904627,0.5132329405954728,0.7922311904636845,0.8432444152684295,0.4663703777037873,0.0020315752061803613,0.7732980018735462,0.003551594818355025,0.6794551808793774,0.7673866758697492,0.6858249992527676,1
0.018122846138252324,0.10944800153526746,0.28042058191030417,0.25213273453544066,0.04904182781156759,0.0,0.15866869150104534,5.5753035245756366e-05,0.4669705235393238,0.31710718279656586,0.0,0.04010658234389741,0.10908925544466312,0.02598797154734905,0.0,0.0038679952414066568,0.12440463329127256,0.22087677955255577,0.0,0.0003475752909493531,0.0,0.3042066062152899,0.0,0.4182401563696282,0.02249757476672799,0.006214214709900483,0.007052513307130637,0.0,0.0,0.48993681724363536,0.09611227691701962,0.2066233521119225,0.07911289816548853,0.015748550542168838,0.4126314627200869,0.3222739685626752,0.41473116199376725,0.0,0.0391054123253648,0.0006695755454912988,0.07930337395303355,0.6110489786256452,0.37075031500161326,1
0.5925400364889519,0.263468483399917,0.18010470347827584,0.223784166671398,1.0,0.33627080588173397,0.22170663071913826,5.5753035245756366e-05,0.8614797956304687,0.1622353171596272,0.05055586638729042,0.04478500387503592,0.27585259418597075,0.2327131632355512,0.11190318987787527,0.331837682196029,0.20336192294345734,0.8743323389551024,0.22943824660804357,0.6595883587087465,0.23541579975612906,0.513053110603298,0.0659994955603165,0.5447061433765827,0.5176788808381292,0.3945361744082975,0.5996796766847539,1.0,0.0,0.2873811884905051,0.28016990470541725,0.303010164117693,0.04096995914769255,0.6319375690669558,0.6749820622170195,0.5557316914558086,0.337764879218422,0.0015347181642730804,0.48376571813460867,0.003935428278640361,0.6084186123353712,0.5612850267026717,0.37075031500161326,0
0.10062842083924561,1.0,0.09832234600717167,0.19585864407476017,0.017122002848577372,0.0,0.0,5.5753035245756366e-05,0.0,0.0,0.11824725523577033,0.2774057860063431,0.044069911271623005,0.0,0.3943465314422441,0.0029881508302712365,0.0020158507233019934,0.000324051586334583,0.0020558891692979177,0.0,0.016677383083175967,0.019146537485559598,0.014082290204629082,0.0,0.0,0.0,0.0,0.05693296224389023,0.0,0.9766620448381631,0.6351899636457029,0.007503704514569831,0.7013131863545469,0.8317141933909282,0.0,0.0638561580809931,0.13185202228642523,0.0009109539184155642,0.4010973872801551,1.0,0.19554572002318493,0.0,0.37075031500161326,0
0.9055341577133587,0.01209023186028535,0.3714798192317441,0.24109269598205402,0.042779690203941775,0.4480904285706741,0.5733517489913782,0.22301209359433372,0.5815337662199189,0.2552142290430279,0.38490319898796665,0.3640784598347268,0.9999999999999999,0.32273058560518636,0.13197606792519018,0.17102178479178962,0.15967576527109845,0.4153647530720065,0.05708643252207042,0.16499137378761883,0.0833615292950991,0.3218568821941843,0.774579574486826,0.5429273132375988,0.38575977833618336,0.22506930394854055,0.16312545278398474,0.2657717217223319,0.22348487181922727,0.1117335011703724,0.08759413455490705,0.205291661653624,0.111146347781555,0.38510013247378416,0.7504769707545695,0.5118963824658416,0.20825782383945213,0.0023615934917737918,0.5198103540513976,0.0029973919557084545,0.23196317704067115,0.9516230692668042,0.3643930494762264,0
0.6780863571862965,0.0546415673685825,0.2840258886447478,0.1928450267462257,0.015412616933233855,0.4480904285706741,0.3914714205264969,0.43470678070902624,0.539401086025253,0.25861659157819566,0.5901801996194124,0.20157978467540694,0.9900156764219158,0.3060240237006167,0.13632885313861687,0.17102178479178962,0.15394830268644433,0.37479731783354564,0.04010480702324108,0.1442618566770536,0.0679174850974757,0.13360211213359885,0.3183182676503146,0.5232419782573929,0.16140699855479781,0.18079814244929998,0.05884993290778747,0.2877121060738184,0.03948488251767005,0.13223684000358116,0.08726947774712801,0.2504492163265368,0.022513472355785213,0.4302401718087765,0.7418051209415277,0.5076067908516138,0.2277167922933414,0.004328444650297565,0.3928822716961258,0.0026246326336911213,0.19728255272356843,0.840547688942296,0.36820740879145236,1
0.4175349685789582,0.08272736788848789,0.45941149496652617,0.3832415238967143,0.12340943772337078,0.7412462747952316,0.642611114929446,0.3420054661239163,0.5729427426712643,0.9124657557244922,0.4995294636053387,0.42201699252884434,0.8133457646583978,0.015525354080516626,0.03003300365633047,0.020258818456557026,0.1964493618107194,0.1854617134207415,0.8552571364085366,0.18923110412756325,0.8588788275443936,0.1825303967880806,0.3252548449629194,0.3500511254286577,0.23179690941460357,0.5349146898106435,0.10978986728108453,0.38585882113999753,0.08966648522059911,0.30264710181980825,0.03928651127900129,0.3224472047860334,0.08577016154439857,0.37432357749439027,0.5518442651950992,0.3228731535865126,0.2301729650816584,0.0020909480822316104,0.5680444716603372,0.0032901360478732487,0.3716776458567099,0.5067556207520814,0.36712667365215934,2
0.8312031926416785,0.09668741513466195,0.2615897509466094,0.3011667845227527,0.8847918243447762,0.7817157418755837,0.45609907195943794,0.00016717553882349134,0.6840139152160932,0.43057193616464523,0.057014138935538645,0.9031994226098172,0.2117132466099138,0.25458970954893545,0.1968779632974839,0.03344077742280244,0.3237839705702944,0.5530642380599394,0.07280037502599747,0.377487210735214,0.10705558693248483,0.014546383024794095,0.04174960782304409,0.2784074604661696,0.11336535688444077,0.2517204633386133,0.04220648264401062,0.18470617783401966,0.0,0.31299978781833615,0.6115920454372071,0.8626824537542626,0.08084246866925929,0.5135489858716931,0.7916102382911094,0.842635184974547,0.46627835927239913,0.004214401006617693,0.8110630136754595,0.0030719642811504796,0.6937266341709629,0.7480963586121683,1.0,1
0.745084127305899,0.2061707287286909,0.20944552135402372,0.2306883511978671,0.9367680891416073,0.5593527180246316,0.32375872357682783,5.5753035245756366e-05,0.8253072783052753,0.35183740877613484,0.058396112733806696,0.7620389818352813,0.24562694812978342,0.17640397000868865,0.13413539095962723,0.09706508087704116,0.1941236626461829,0.6214829310412856,0.25752347366672257,0.26354578234735304,0.1834324688346797,0.40585981813827077,0.06065908883323443,0.38841371983738315,0.29719976942717996,0.3165064566461992,0.34303140476322236,0.524953339232844,0.0,0.28358261138456764,0.4260606894582851,0.4867652333314154,0.054943770633090666,0.6089389179843085,0.7401892920681692,0.6955217514225216,0.39751310317664434,0.001528916942910675,0.8791582999330787,0.004332006484270084,0.8616663431362463,0.6207522391737921,0.37075031500161326,1
0.4030002027163997,0.07052635251836303,0.4785438919223686,0.2515772991395055,0.04872677339715843,0.7846763848212065,0.3389259842572398,5.5753035245756366e-05,0.6894255568189963,0.4153916466511534,0.03680607357505201,0.04152805958003919,0.1750685211682113,0.37814423117626955,0.11611776572926837,0.03273684844521522,0.356896439496985,0.36285104030749715,0.03978713125886277,0.0704106364135984,0.06475732378377831,0.26989939617513653,0.1410764191956327,1.0,0.17058965118939204,0.2905432453731546,0.05973326101467961,0.490936122082195,0.0,0.4622546507847982,0.29658722487289013,0.2283231927723668,0.10913312345962314,0.23475503873844694,0.592330257306728,0.6731855692666227,0.531153605843474,0.018647924295257953,0.7660558988232418,0.0007421125074155649,0.6845775538737355,0.7803313779087513,0.37075031500161326,1
0.5391054501578552,0.06515711228322285,0.4317031848749248,0.39257525255255354,0.12870372115838435,0.6621128561395576,0.7192885847557342,0.24820719931770074,0.580124789080278,0.8163213953481949,0.4075294902240951,0.47523361059066,0.8743584257645206,0.014290869617450987,0.02692344767052548,0.027562102692951444,0.20545963275844084,0.1788419741665793,0.8246443676321679,0.1668287379164734,0.8233934294537711,0.27787835347345774,0.49717475139991973,0.3240969398631274,0.3383411025923664,0.452362119235026,0.13568417046019307,0.3137546031666565,0.1796291933203678,0.2556827776611994,0.0021054716665989126,0.29479149618732237,0.11317804460795036,0.3617053100077152,0.5679457559869632,0.2933416365419472,0.18068059021287208,0.0017570249795804533,0.5031396176044896,0.0037016590919327517,0.22964623465435285,0.5672700167489466,0.8969500406458905,2
0.5326910125207376,0.08882371092109409,0.2019424841073441,0.2355766225270011,0.03965085955155993,0.690844610569623,0.4144264102914674,0.0,0.7094655091386087,0.4278256078377127,0.5116479007051913,0.20466586417946836,0.37616034894993383,0.3366454588698904,0.1375976453730778,0.04758785968168278,0.22653191329638786,0.4949815614377673,0.03518340662233216,0.1326304661229796,0.28533598100412705,0.00535815392393197,0.1043210832342607,0.5654968379373507,0.190286077098599,0.2750510482536395,0.09365693589060356,0.42068958221688296,0.0,0.21505889665846745,0.12868378497581479,0.27523632502473094,0.029220849154037692,0.4392489351780322,0.7070485838598439,0.5414335219084696,0.2879867280821342,0.0025050547541204562,0.4301250586081673,0.002761476893657722,0.4447420783244358,0.7371054348872403,0.07960927151591318,1
0.5351712953577943,0.06721157033444225,0.43084054848374026,0.3785061332476804,0.12072342646292837,0.6318439108845771,0.6916483864940732,0.2666184438604472,0.5765745991021604,0.7677705426690211,0.4263499052098868,0.449946500675741,0.8925347154377646,0.04939208958760337,0.02731297320068391,0.03198980927469873,0.20036751831177105,0.17879863971204504,0.7892345410123088,0.13818576564389673,0.7914918295832902,0.254579768421984,0.47036816156051076,0.3156464612958092,0.30834588277861374,0.39083910937457755,0.11970411274719028,0.2953915074730172,0.1617949208543955,0.24864112250777426,0.000141067006340867,0.2949679156140379,0.10170474174022617,0.36768439815640686,0.5747871089623096,0.29680686761875275,0.1789834512142492,0.001888066480292167,0.5638657795336866,0.003255790913267681,0.20993628252750351,0.5803190605635618,0.3656645025813222,1
0.9031015609162782,0.14258099408573255,0.1935928486868998,0.18437210226400289,0.8624568592007348,0.42516861143800444,0.2482784518712085,5.5753035245756366e-05,0.6916882360207341,0.2933167708706272,0.0640851142966907,0.9080714658194857,0.19609618753450264,0.21678121759668936,0.17853237541508352,0.19394568574991286,0.1365055508072574,0.4368820433176937,0.19406807054027017,0.3168840105571219,0.13593731798856343,0.22030115915941145,0.08570556794466422,0.23161303285775192,0.15050172509590493,0.2587809141762078,0.15195240706679686,0.263573228014905,0.0,0.16093286996993528,0.6263708337435286,1.0,0.0294286768939786,0.5660528553232118,0.8642953998677716,0.7799440512476441,0.35463345724416073,0.0020566595471280275,0.8134844007923443,0.004591428697066513,0.7455071279172314,0.6546716675867394,0.37075031500155176,1
0.8214293308556457,0.02238388628590826,0.0,0.24963843908248637,0.04762701197691786,0.9316005439442554,0.43110257208078456,0.00011147820093594663,0.9123517215739368,0.38906351350683904,0.015476301505190315,0.03120353869409434,0.2331095018744448,0.4552250225497677,0.10687259005058036,0.014000038390308073,0.5672220947528975,0.9088540364276166,0.009447509273244099,0.015438048100502018,0.01962723155485987,0.0,0.03708596283010663,0.5614249263580153,0.14663319947503037,0.07472324115256714,0.05570945626860347,0.3202446774145414,0.0,0.22228836203093905,0.4176099162872481,0.21275714624386444,0.07717014527678373,0.47638809144165406,0.8849191962904661,0.9822926178588485,0.5184048433252086,0.0004201102192010595,0.11613967748021059,0.0003555536002974725,0.25814499063563456,0.9869613905035401,0.6884129293946861,1
0.5106223393472531,0.09439714579808012,0.19837012215157324,0.24135215110218144,0.04292685850026469,0.7249223994304997,0.4248972492345872,5.5753035245756366e-05,0.7036918243176311,0.45789474536029745,0.5083401119870665,0.201039555159773,0.3705445569803909,0.31848470081598307,0.13071369206265293,0.04079751417000362,0.2191666454946766,0.48984984725204916,0.03266512523851592,0.13013054418818457,0.27660483226502647,0.005428606059693528,0.09864197056761587,0.560799544109409,0.20441274578570676,0.3116355440596727,0.10484386747870217,0.4421414476256794,0.0,0.24568591660194472,0.1233840694784859,0.28507080105085336,0.035474043314581344,0.4359297090982246,0.6804701418121692,0.5221328666382157,0.29301317016180994,0.002322278184715728,0.4220527209753302,0.0031415435342494556,0.4452136079766409,0.7309076748647236,0.37075031500161326,1
0.8380759722742348,0.08805993636503295,0.17196158245033277,0.23896379827294867,0.8890073824964089,0.7846950353927683,0.42348231699561517,0.00011147820093594663,0.6807799788492775,0.4172071698334054,0.05720948322135974,0.897826227025277,0.2005333780528043,0.27049960512853394,0.1936820380538905,0.032836519862947264,0.33935439449625787,0.5722096669633331,0.053139776511112,0.37326684405009136,0.11744702695039512,0.015318825053723572,0.048207232682288485,0.29138149570081506,0.11128632193550307,0.2580233016301977,0.04575236399101452,0.18878030814587135,0.0,0.31253365024644575,0.6116391094979606,0.8635193236189576,0.08051831488078284,0.5132470459478373,0.7922269088984524,0.8432459640223164,0.466377745139531,0.0016713331714537337,0.7732980018735462,0.0034858922232833102,0.6818153547930894,0.7640027845215469,0.6860071488893018,2
0.571558889114129,0.056674052233987915,0.44758713285765844,0.4018088231269348,0.13394119286347744,0.6926044273843519,0.7384874623385365,0.228709853884272,0.603523292172157,0.849233673633806,0.38766450768710337,0.4979506981791238,0.8505514342964418,0.01290297599300258,0.027921327700930105,0.025280040891615146,0.2029985498721088,0.19326127458437503,0.8470328193672868,0.18635911069415814,0.8470174247487228,0.3025558196873753,0.5393108981715519,0.3225220866743091,0.37558117042995876,0.5101638178160101,0.1570929780283999,0.3395812234320124,0.22525548524431008,0.27203248443114125,0.014530598447412113,0.28628800088909045,0.14249710480747388,0.3415708745605275,0.5582303706541043,0.30039333772392696,0.19267369312999771,0.0017289810171190775,0.583865096733851,0.003872182493764465,0.3164521189851839,0.5779391677157024,0.3645837674419677,2
0.11573079262112262,0.09050576597637949,0.3552651377485206,0.33403850050545203,0.09550046786811613,0.4339090942282986,0.43440285798151973,0.5577904202138989,0.5004529168273829,0.7574139277184799,0.6671491489076363,0.3556297829961496,0.6608583735026403,0.030133224275193275,0.024847812210881847,0.18477280535278617,0.1282384130227533,0.19578442632212692,0.620529534624787,0.01384679574680778,0.6170391288402381,0.3150109222950358,0.12904980299693142,0.4624711315401881,0.10884694061727605,0.0445592946891995,0.01840487390211607,0.053543792824431884,0.018721100400338506,0.4856541160077543,0.09812680378569028,0.23110489597815764,0.09192721399406198,0.047111891392426,0.4097266400680235,0.31037899977466865,0.40175120429982436,0.0019190724376362506,0.37159567685353556,0.00137843124582376,0.22650648521160432,0.4765044465778636,0.3690338533097262,0
0.40802756943036655,0.08495088888500923,0.379278090327639,0.24296408542144482,0.04384118089804158,0.6298987763720756,0.3451541225202936,5.5753035245756366e-05,0.6617610966849187,0.4191360424883969,0.03406046908995687,0.024624185530658566,0.1968381042504872,0.31910674873136113,0.12019987180973148,0.0692305991712243,0.250419937298265,0.31576734904773035,0.040962308168965664,0.09608683801043948,0.06727487091640345,0.18627292405315587,0.12787010241478702,0.754145451643349,0.17130944846299764,0.2924358426476045,0.07335827447821741,0.4654657277969088,0.0,0.28255144090489837,0.13968391201620078,0.25864187505503144,0.04430382238747066,0.35235924566742627,0.649157698843569,0.519597052603775,0.3316312356540523,0.10515338369680644,0.6515866308593614,0.0014325764001375625,0.6150572594151127,0.7517085064125368,0.37075031500161326,1
0.6180823028583013,0.07574277290252418,0.21346271645380038,0.17671675999377756,0.366194039883568,0.41923851408473173,0.26386668532154306,5.5753035245756366e-05,0.6395849109625887,0.1992096739716812,0.5100937307645748,0.17655302756645125,0.3518454784889666,0.3013930060404049,0.1314945153617369,0.17119795066377475,0.17484063074206851,0.2868285752615555,0.04514139996013794,0.14277670512333462,0.22825866744330015,0.052941998728871724,0.0963724423861238,0.43984950108942017,0.07887988954935832,0.2083698382710251,0.013268241554606083,0.19916365763478297,0.0,0.0791330836155002,0.14629044510479094,0.2322103835172311,0.0,0.4538694060973478,0.8207841240176346,0.6171675029416395,0.26064620490055224,0.00487050661418167,0.3351839066535196,0.0019513754762507229,0.2766814339327368,0.7555995728291551,0.37075031500167477,1
